claim_id,section,claim,required evidence,current evidence,status,source,reproduction script,result file,figure/table,blocker,final-use-allowed
C001,6.1/7.1,"Canonical acquisition object is vid_2025-08-29_19-28-15.mp4; Drive ID 1AqnbXPiEFmCsUeO3WlwkuxolkxI7af6U; provider size 714939306 bytes.","Provider metadata tied to exact object ID.","Exact Drive ID name and size are available; object metadata is stable.",VERIFIED,"Google Drive metadata; piv_tournament/results/M0_STATUS.json","piv_tournament/scripts/astra_colab_m0.py","piv_tournament/results/M0_STATUS.json",Figure 2,,YES
C002,6.1/7.1,"Canonical source complete SHA-256, ffprobe metadata, full sequential decode and direct verification of frames 4250-4500 are complete.","Complete canonical bytes; provider-bound identity; SHA-256; ffprobe; strict EOF decode; frame-range audit.","Current connector cannot retrieve the 714939306-byte object; M0 status remains BLOCKED_EXTERNAL_CANONICAL_EXECUTION_REQUIRED.",BLOCKED,"piv_tournament/results/M0_STATUS.json","piv_tournament/scripts/run_m0_canonical.py; piv_tournament/scripts/astra_colab_m0.py","M0_STATUS.json; ffprobe.json; execution_manifest.json",Figure 2,"External authenticated canonical M0 execution required.",NO
C003,6.3/7.1,"The historical downstream PIVlab population contains 250 consecutive exports covering pairs 4250/4251 through 4499/4500.","Complete namespace and pair-header continuity; preferably 250/250 byte freeze.","Drive folder exposes PIVlab_0001.txt through PIVlab_0250.txt; retrospective tournament used 250 fields; 13 distributed raw-byte checkpoints satisfy the exact pair rule.",VERIFIED,"Drive folder listing; REAL_250FIELD_TOURNAMENT_20260913.md; ASCII_250_FORENSIC_REPORT.md","piv_tournament/scripts/astra_colab_ascii_freeze.py; piv_tournament/scripts/freeze_pivlab_ascii.py","piv_tournament/results/ASCII_250_FORENSIC_REPORT.md",Figure 2,"Full 250/250 cryptographic freeze still pending for population-wide byte-level provenance.",YES_SCOPED
C004,6.3/7.2,"Across the 13 byte-audited PIVlab exports, spatial conversion is invariant at 0.00019061 m/px.","Complete raw exported headers.","13 complete raw files from beginning, interior and end contain the same xy conversion.",VERIFIED,"ASCII_250_FORENSIC_REPORT.md; raw PIVlab_*.txt sample","piv_tournament/scripts/freeze_pivlab_ascii.py","piv_tournament/results/ASCII_250_MANIFEST.csv",Table 1,"250/250 freeze required before describing invariance across the full historical population.",YES_SCOPED
C005,6.3/7.2,"Across the 13 byte-audited PIVlab exports, velocity conversion is invariant at 0.20386 (m/s)/(px/frame).","Complete raw exported headers.","13 complete raw files contain the same uv conversion.",VERIFIED,"ASCII_250_FORENSIC_REPORT.md; raw PIVlab_*.txt sample","piv_tournament/scripts/freeze_pivlab_ascii.py","piv_tournament/results/ASCII_250_MANIFEST.csv",Table 1,"250/250 freeze required before population-wide wording.",YES_SCOPED
C006,6.3,"The stored conversion factors imply Δt = 0.0009350044148 s (0.935004 ms).","Traceable derivation from xy and uv conversion factors plus unit relation.","Derived from 0.00019061/0.20386.",DERIVED_FROM_VERIFIED_DATA,"ASCII_250_FORENSIC_REPORT.md","deterministic unit calculation documented in manuscript methods","MANUSCRIPT_EVIDENCE_MATRIX.csv",Table 1,"Must still be reconciled with canonical acquisition timing; not a substitute for ffprobe/container FPS.",YES_SCOPED
C007,6.3,"The stored conversion factors imply an effective sampling interval corresponding to approximately 1069.5137 Hz.","1/Δt derivation.","Derived from verified-sample conversion metadata.",DERIVED_FROM_VERIFIED_DATA,"ASCII_250_FORENSIC_REPORT.md","deterministic unit calculation","MANUSCRIPT_EVIDENCE_MATRIX.csv",Table 1,"Canonical declared FPS remains pending.",YES_SCOPED
C008,6.4/7.2,"Each of the 13 byte-audited exports contains 3850 rows arranged on a 70 × 55 coordinate lattice.","Full raw row parse and unique-coordinate counts.","All 13 complete raw files satisfy the same row and grid counts.",VERIFIED,"ASCII_250_FORENSIC_REPORT.md","piv_tournament/scripts/freeze_pivlab_ascii.py","piv_tournament/results/ASCII_250_MANIFEST.csv",Figure 3/Table 1,"Population-wide statement awaits full 250 freeze.",YES_SCOPED
C009,6.4/7.2,"Each of the 13 byte-audited exports contains 2658 type-0/masked nodes and 1192 finite active vectors.","Full raw Vector type and finite u/v parse.","All 13 raw files show identical counts; type-0 mask is the complement of finite active vectors.",VERIFIED,"ASCII_250_FORENSIC_REPORT.md","piv_tournament/scripts/freeze_pivlab_ascii.py","piv_tournament/results/ASCII_250_MANIFEST.csv",Figure 3/Table 1,"Population-wide byte-level proof awaits full 250 freeze.",YES_SCOPED
C010,6.4/7.2,"The coordinate grid and type-0 mask are invariant across the 13 byte-audited exports.","Grid and mask hashes from complete raw files.","Coordinate-grid SHA-256 is identical across all 13; report states type-0 mask is byte-identical.",VERIFIED,"ASCII_250_FORENSIC_REPORT.md","piv_tournament/scripts/freeze_pivlab_ascii.py","piv_tournament/results/ASCII_250_FORENSIC_REPORT.md",Figure 3,"Full 250 freeze required for full-population claim.",YES_SCOPED
C011,6.4/7.2,"The median exported lattice pitch across the audited raw grids is 0.00343104452 m, equivalent to 18.00033849 px using the stored spatial scale.","Unique-coordinate spacing from complete raw grids and stored xy calibration.","Calculated from all unique coordinates in the 13 raw files.",DERIVED_FROM_VERIFIED_DATA,"ASCII_250_FORENSIC_REPORT.md","piv_tournament/scripts/freeze_pivlab_ascii.py","piv_tournament/results/ASCII_250_FORENSIC_REPORT.md",Figure 3,"Does not prove interrogation overlap or first-pass configuration.",YES_SCOPED
C012,6.4/7.2,"Among active vectors, direct/type-1 fraction varies from approximately 49.92% to 62.08% across the 13 audited exports.","Raw Vector type counts in complete files.","Observed type-1/type-2 composition varies while grid and active mask remain fixed.",VERIFIED,"ASCII_250_FORENSIC_REPORT.md","piv_tournament/scripts/freeze_pivlab_ascii.py","piv_tournament/results/ASCII_250_MANIFEST.csv",Figure 4,"Full 250 temporal curve and probability map not yet generated from a 250/250 frozen set.",YES_SCOPED
C013,6.5,"Historical first-pass interrogation size was 32 px.","Authoritative PIVlab session/settings or executable raw-image reconstruction matching exported coordinates.","generar_serie_pivlab.py says 32; thesis says 36; GVT_Vortex_Analysis_Main.m comment says 64.",BLOCKED,"PARAMETER_CONTRADICTION_LEDGER.csv; generar_serie_pivlab.py; Documento_Limpio.pdf; GVT_Vortex_Analysis_Main.m",,"",Figure 3,"[BLOCKER — CONTRADICTORY EVIDENCE] 32 vs 36 vs 64 px.",NO
C014,6.5,"Historical final pass used an 18 px interrogation window with 50% overlap and 9 px vector step.","Authoritative PIVlab session/settings or raw reconstruction.","18 px is repeatedly documented, but the exported lattice is nominally 18 px rather than the 9 px step implied by 50% overlap.",BLOCKED,"PARAMETER_CONTRADICTION_LEDGER.csv; ASCII_250_FORENSIC_REPORT.md; Documento_Limpio.pdf","",,"Figure 3","[BLOCKER — PIV SETTINGS] exported grid geometry does not directly reproduce the documented 18 px / 50% overlap configuration.",NO
C015,6.5,"Historical vector filtering used a specific normalized-median algorithm and threshold set.","Saved PIVlab session/settings and executable reproduction of vector classification.","Raw exports expose Vector type but not the historical filter thresholds; thesis and reconstruction scripts are non-authoritative for the saved session.",BLOCKED,"PARAMETER_CONTRADICTION_LEDGER.csv","",,"Figure 3","Exact filtering algorithm and thresholds unresolved.",NO
C016,6.2,"The camera model used in the experimental system is Chronos 1.4.","Manufacturer or asset identity plus project documentation.","Chronos 1.4 manufacturer datasheet asset and project documents agree.",VERIFIED,"PARAMETER_CONTRADICTION_LEDGER.csv; Chronos 1.4 Rev5 datasheet asset",,"",Figure 1,,YES
C017,6.2,"1280 × 1024 px at 1069 FPS is a manufacturer full-frame capability of Chronos 1.4.","Manufacturer datasheet.","Verified manufacturer capability; it is not yet proven to be the encoded canonical acquisition format.",VERIFIED,"PARAMETER_CONTRADICTION_LEDGER.csv; Chronos 1.4 Rev5 datasheet asset",,"",Figure 1,"Do not relabel capability as actual encoded resolution.",YES_SCOPED
C018,6.2,"The canonical encoded video resolution is 1280 × 1024 px.","Canonical ffprobe metadata.","Thesis/HardwareX documents conflict with later resampling code; canonical ffprobe not yet executed.",BLOCKED,"M0_STATUS.json; PARAMETER_CONTRADICTION_LEDGER.csv; GVT_Vortex_Analysis_Main.m","piv_tournament/scripts/run_m0_canonical.py","ffprobe.json",Figure 2,"[BLOCKER — CONTRADICTORY EVIDENCE] actual encoded acquisition dimensions unknown.",NO
C019,6.2,"1630 × 1345 is a post-processing bilinear resampling target in GVT_Vortex_Analysis_Main.m.","Executable script inspection.","Script sets imgW=1630, imgH=1345 and calls imresize(...,'bilinear').",VERIFIED,"GVT_Vortex_Analysis_Main.m",,"",Figure 1,"Whether this script generated the final publication arrays remains to be established.",YES_SCOPED
C020,7.3,"A retrospective tournament executed on 250 historical PIVlab fields, 1192 active cells, 11 algorithms, N=25/50/100/150, five spatial folds and three seeds.","Executed output and software test report.","REAL_250FIELD_TOURNAMENT_20260913.md records 60 scenarios and 660 evaluations with zero algorithm errors; 9/9 real-data tests passed.",VERIFIED,"REAL_250FIELD_TOURNAMENT_20260913.md","piv_tournament/scripts/run_astra_q1_superstudy.py","piv_tournament/results/REAL_250FIELD_TOURNAMENT_20260913.md",Figure 5/Table 2,"Retrospective downstream-data scope only; does not authorize final subset.",YES_SCOPED
C021,7.3,"The retrospective selector decision is UNRESOLVED_DECISION_RULE_DISAGREEMENT.","Predeclared decision-rule output.","Votes: uniform_baseline 3; temporal_quality_stratified 2; spatial_lower_tail 1; consensus 0.60 < required 0.80.",VERIFIED,"REAL_250FIELD_TOURNAMENT_20260913.md","piv_tournament/scripts/run_astra_q1_superstudy.py","piv_tournament/results/REAL_250FIELD_TOURNAMENT_20260913.md",Table 2,"No winner may be forced from this result.",YES
C022,7.3,"publication_selector = null after the retrospective tournament.","Executed decision output.","Explicitly recorded in the tournament report.",VERIFIED,"REAL_250FIELD_TOURNAMENT_20260913.md","piv_tournament/scripts/run_astra_q1_superstudy.py","piv_tournament/results/REAL_250FIELD_TOURNAMENT_20260913.md",Table 2,,YES
C023,6.6/7.3,"Mean direct-vector fraction across the retrospective 250-field tournament population is 0.5542080537.","Executed retrospective data load and aggregate metric.","Recorded in REAL_250FIELD_TOURNAMENT_20260913.md.",VERIFIED,"REAL_250FIELD_TOURNAMENT_20260913.md","piv_tournament/scripts/run_astra_q1_superstudy.py","piv_tournament/results/REAL_250FIELD_TOURNAMENT_20260913.md",Figure 4/Table 2,"Use only as retrospective downstream-PIV evidence until 250/250 cryptographic freeze closes.",YES_SCOPED
C024,7.3,"Uniform sampling is the best selector for publication.","Robust selector superiority across predeclared rules after canonical stationarity and full-population checks.","Decision rules disagree; consensus is below threshold; publication_selector is null.",BLOCKED,"REAL_250FIELD_TOURNAMENT_20260913.md","piv_tournament/scripts/run_astra_q1_superstudy.py","piv_tournament/results/REAL_250FIELD_TOURNAMENT_20260913.md",,"No robust winner exists at the current evidence level.",NO
C025,6.7/7.4,"Canonical acquisition is temporally stationary over the admissible publication interval.","M0 PASS followed by M1 stationarity tests on canonical raw frames.","M1 is locked because M0 is not PASS.",BLOCKED,"M0_STATUS.json","piv_tournament/scripts/run_temporal_robustness_v2.py","[RESULT PENDING — M1 STATIONARITY]",Figure 4/5,"M0 must pass first.",NO
C026,7.4,"Final publication subset size is converged and robust.","Canonical M1 plus sample-size convergence and selector robustness across admissible interval.","Only retrospective tournament sizes and an 11-field sanity regression exist.",NOT_YET_ANALYZED,"Q1_RESULTS_WORKING_DRAFT.md; tournament outputs",,"[RESULT PENDING — SAMPLE-SIZE CONVERGENCE]",Figure 5,"Canonical population and stationarity gate required.",NO
C027,7.6,"Expanded PIV uncertainty is approximately ±0.0408 m/s and median relative expanded uncertainty is approximately 12.63%.","Reproduced uncertainty budget from frozen PIV field with contributor-level propagation and coverage factor.","Final thesis documents ±0.0408 m/s and 12.63%; independent reproduction is pending.",DOCUMENTED_REPRODUCTION_PENDING,"Documento_Limpio.pdf; A4_PIV_incertidumbre.md",,"[RESULT PENDING — UNCERTAINTY REPRODUCTION]",Figure 6/Table 3,"Uncertainty budget has not been independently regenerated from frozen inputs.",NO
C028,7.7,"Fine-grid GCI is approximately 4.05%.","Mesh hierarchy, control variable, refinement ratio, Richardson extrapolation and GCI independently rerun.","Final thesis documents p≈1.93, r=1.3 and GCIfine,21=4.05%; reproduction pending.",DOCUMENTED_REPRODUCTION_PENDING,"Documento_Limpio.pdf",,"[RESULT PENDING — CFD GCI]",Table 4,"CFD is locked and GCI has not been independently reproduced.",NO
C029,7.8,"Approximately 60.41% of the comparison domain satisfies relative error ≤10% and 78.67% satisfies ≤15%.","Authoritative PIV/CFD arrays, common-coordinate registration, mask, interpolation and denominator rule; independent recomputation.","Thesis/result extract documents 60.41% and 78.67%; no independent reproduction yet.",DOCUMENTED_REPRODUCTION_PENDING,"extract_piv_results.txt; Documento_Limpio.pdf; Q1_RESULTS_WORKING_DRAFT.md",,"[RESULT PENDING — COMMON-COORDINATE VALIDATION]",Figure 8/9,"Registration, masking, interpolation and error definition must be reproduced.",NO
C030,7.5,"Final experimental median velocity field and derived radial/tangential profiles are publication-ready.","Frozen canonical subset, processing settings, masks, coordinate system and convergence.","Historical downstream fields exist, but final experimental subset is not frozen.",BLOCKED,"M0_STATUS.json; Q1_RESULTS_WORKING_DRAFT.md",,"[RESULT PENDING — EXPERIMENTAL HYDRODYNAMICS]",Figure 6/10,"M0/M1, PIV settings and subset freeze incomplete.",NO
C031,7.2/Discussion,"Historical HardwareX VDP >95% is equivalent to the direct/type-1 fraction in current PIVlab exports.","Reconstructed VDP definition and executable calculation on the same vector classes.","HardwareX-style draft states VDP >95%, whereas audited raw exports show direct/type-1 fractions of about 49.92-62.08% among active vectors. Definitions are not demonstrated to be identical.",BLOCKED,"Resultados.pdf; ASCII_250_FORENSIC_REPORT.md",,"[BLOCKER — DEFINITION AND REPRODUCTION REQUIRED]",Figure 3/4,"Do not equate VDP with direct-vector fraction until reconstructed.",NO
C032,7.7-7.9,"CFD can be used to choose the experimental subset.","Not applicable; prohibited by design to avoid circular validation.","CFD firewall is explicitly closed until experimental evidence and subset are frozen.",VERIFIED,"REAL_250FIELD_TOURNAMENT_20260913.md; M0_STATUS.json",,"",Figure 2,,NO_BY_DESIGN
C033,6.2,"Final operating flow rate is established for the canonical run.","Run log, calibrated flow measurement or other raw operating-condition evidence tied to canonical acquisition.","Prior thesis values exist but current frozen evidence does not re-establish the operating point.",BLOCKED,"PARAMETER_CONTRADICTION_LEDGER.csv",,"",Table 1,"Canonical run operating-condition evidence missing.",NO
C034,6.2,"The experimental basin diameter used by the current analysis workflow is 183.184 mm.","Prototype-to-CAD identity plus run-specific geometry evidence.","GVT_Vortex_Analysis_Main.m and thesis-oriented documents use 183.184 mm; final physical prototype revision identity remains unresolved.",DOCUMENTED_REPRODUCTION_PENDING,"GVT_Vortex_Analysis_Main.m; Documento_Limpio.pdf",,"",Figure 1,"Final CAD/prototype identity mapping required before final claim.",NO
C035,7.9,"Spatial discrepancy can be classified as within or outside measurement capability using an uncertainty-aware acceptance map.","Reproduced spatial uncertainty field plus registered PIV-CFD discrepancy field and explicit decision rule.","Planned analysis only.",NOT_YET_ANALYZED,"MANUSCRIPT_SKELETON.md",,"[RESULT PENDING — COMMON-COORDINATE VALIDATION]",Figure 9,"Requires uncertainty reproduction and CFD opening after experimental freeze.",NO
