result_id,claim_group,result_label,result_value,unit,evidence_mode,source_kind,source_citation_key,doi,source_file,source_locator,result_origin,calculation_expression,input_result_ids,geometry_state,operating_state,comparison_class,uncertainty_status,validation_scope,claim_scope,declared_flags,manuscript_location,publication_role,notes
BASIN_CONICAL_OUTPUT_W,Basin,Conical best-case output power,37.48,W,M,PRIMARY_PAPER,Dhakal2015,10.1016/j.rser.2015.04.030,R61_Comparison_of_cylindrical_and_conical_basins_with_optimum_position_of_runner_Gravitational_water_vortex_power.pdf,Tables 2-3,source_reported,,,Conical basin; best runner elevation 0.605 m,Source-specific hydraulic state; preserve source conditions,WITHIN_STUDY_DIFFERENT_OPTIMUM_STATE,NOT_REPORTED,SOURCE_EXPERIMENT,CONFIGURATION_SPECIFIC,NO_UNCERTAINTY;DIFFERENT_OPTIMUM_STATE,Results/Basin; Figure 4,PRIMARY_RESULT,Direct source-reported output power.
BASIN_CYL_OUTPUT_W,Basin,Cylindrical best-case output power,28.24,W,M,PRIMARY_PAPER,Dhakal2015,10.1016/j.rser.2015.04.030,R61_Comparison_of_cylindrical_and_conical_basins_with_optimum_position_of_runner_Gravitational_water_vortex_power.pdf,Tables 2-3,source_reported,,,Cylindrical basin; best runner elevation 0.580 m,Source-specific hydraulic state; preserve source conditions,WITHIN_STUDY_DIFFERENT_OPTIMUM_STATE,NOT_REPORTED,SOURCE_EXPERIMENT,CONFIGURATION_SPECIFIC,NO_UNCERTAINTY;DIFFERENT_OPTIMUM_STATE,Results/Basin; Figure 4,PRIMARY_RESULT,Direct source-reported output power.
BASIN_POWER_DELTA_W,Basin,Conical minus cylindrical output-power contrast,9.24,W,C,PRIMARY_PAPER,Dhakal2015,10.1016/j.rser.2015.04.030,R61_Comparison_of_cylindrical_and_conical_basins_with_optimum_position_of_runner_Gravitational_water_vortex_power.pdf,Tables 2-3,calculated,37.48 - 28.24,BASIN_CONICAL_OUTPUT_W;BASIN_CYL_OUTPUT_W,Conical vs cylindrical best cases,Different best runner elevations,WITHIN_STUDY_DIFFERENT_OPTIMUM_STATE,NOT_PROPAGATED,DERIVED_FROM_SOURCE,WITHIN_STUDY_ONLY,UNCERTAINTY_NOT_PROPAGATED;DIFFERENT_OPTIMUM_STATE,Results/Basin; Figure 4,PRIMARY_RESULT,Use as the safer quantitative basin contrast.
BASIN_EFF_CONICAL_PCT,Basin,Conical source-reported efficiency,36.84,%,M,PRIMARY_PAPER,Dhakal2015,10.1016/j.rser.2015.04.030,R61_Comparison_of_cylindrical_and_conical_basins_with_optimum_position_of_runner_Gravitational_water_vortex_power.pdf,Tables 2-3,source_reported,,,Conical basin; best runner elevation 0.605 m,Source denominator reported as 101.73 W input,WITHIN_STUDY_DIFFERENT_OPTIMUM_STATE,NOT_REPORTED,SOURCE_EXPERIMENT,CONFIGURATION_SPECIFIC,DENOMINATOR_INCONSISTENCY;NO_UNCERTAINTY;DIFFERENT_OPTIMUM_STATE,Results/Basin; Figure 4,SUPPORTING,Efficiency retained only as source-reported because stated hydraulic conditions yield a different input-power denominator.
BASIN_EFF_CYL_PCT,Basin,Cylindrical source-reported efficiency,27.75,%,M,PRIMARY_PAPER,Dhakal2015,10.1016/j.rser.2015.04.030,R61_Comparison_of_cylindrical_and_conical_basins_with_optimum_position_of_runner_Gravitational_water_vortex_power.pdf,Tables 2-3,source_reported,,,Cylindrical basin; best runner elevation 0.580 m,Source denominator reported as 101.73 W input,WITHIN_STUDY_DIFFERENT_OPTIMUM_STATE,NOT_REPORTED,SOURCE_EXPERIMENT,CONFIGURATION_SPECIFIC,DENOMINATOR_INCONSISTENCY;NO_UNCERTAINTY;DIFFERENT_OPTIMUM_STATE,Results/Basin; Figure 4,SUPPORTING,Efficiency retained only as source-reported because stated hydraulic conditions yield a different input-power denominator.
BASIN_EFF_DELTA_PP,Basin,Conical minus cylindrical reported-efficiency contrast,9.09,percentage_point,C,PRIMARY_PAPER,Dhakal2015,10.1016/j.rser.2015.04.030,R61_Comparison_of_cylindrical_and_conical_basins_with_optimum_position_of_runner_Gravitational_water_vortex_power.pdf,Tables 2-3,calculated,36.84 - 27.75,BASIN_EFF_CONICAL_PCT;BASIN_EFF_CYL_PCT,Conical vs cylindrical best cases,Different best runner elevations and inconsistent hydraulic-input denominator,WITHIN_STUDY_DIFFERENT_OPTIMUM_STATE,NOT_PROPAGATED,DERIVED_FROM_SOURCE,WITHIN_STUDY_ONLY,DENOMINATOR_INCONSISTENCY;UNCERTAINTY_NOT_PROPAGATED;DIFFERENT_OPTIMUM_STATE,Results/Basin; Figure 4,LIMITATION,Do not use as independently validated efficiency gain.
INLET_POSITIVE_CELLS,Inlet,Matched cells with positive spiral-minus-tangential peak-efficiency contrast,16,count,C,PRIMARY_PAPER,Velasquez2024Energies,10.3390/en17225773,R45_Experimental_Assessment_of_Hydrodynamic_Behavior_in_a_Gravitational_Vortex_Turbine_with_Different_Inlet_Channe.pdf,Tables 3-4,calculated,"count_positive(38.41,17.12,29.98,35.02,24.86,19.18,32.01,29.86,11.20,30.47,10.37,16.94,33.89,1.20,33.16,-3.08,-2.05,26.61)",,One cylindrical-basin facility; two runners,2.5/3.0/3.5 L s^-1; 50/60/70% depth; peak speed may differ by cell,WITHIN_STUDY_PEAK_UNMATCHED_SPEED,NOT_PROPAGATED,DERIVED_FROM_SOURCE,WITHIN_STUDY_ONLY,PEAKS_AT_POSSIBLY_DIFFERENT_SPEEDS;UNCERTAINTY_NOT_PROPAGATED,Results/Inlet; Figure 6,PRIMARY_RESULT,Response-map evidence; not a universal inlet multiplier.
INLET_REVERSAL_CELLS,Inlet,Matched cells with negative spiral-minus-tangential peak-efficiency contrast,2,count,C,PRIMARY_PAPER,Velasquez2024Energies,10.3390/en17225773,R45_Experimental_Assessment_of_Hydrodynamic_Behavior_in_a_Gravitational_Vortex_Turbine_with_Different_Inlet_Channe.pdf,Tables 3-4,calculated,"count_negative(38.41,17.12,29.98,35.02,24.86,19.18,32.01,29.86,11.20,30.47,10.37,16.94,33.89,1.20,33.16,-3.08,-2.05,26.61)",,Runner 2 reversals in same facility,Q=3.5 L s^-1 at 50% and 60% depth; peak speed may differ,WITHIN_STUDY_PEAK_UNMATCHED_SPEED,NOT_PROPAGATED,DERIVED_FROM_SOURCE,WITHIN_STUDY_ONLY,PEAKS_AT_POSSIBLY_DIFFERENT_SPEEDS;UNCERTAINTY_NOT_PROPAGATED,Results/Inlet; Figure 6,PRIMARY_RESULT,Reversals must remain visible and must not be averaged away.
RUNNER_MAE_PP,Runner position,Prediction-to-experiment mean absolute error over four tested positions,1.64,percentage_point,C,PRIMARY_PAPER,Velasquez2024RenewableEnergy,10.1016/j.renene.2023.119676,R44_Numerical_optimization_and_experimental_validation_of_the_runner_of_a_gravitational_water_vortex_hydraulic_tur.pdf,Four experimentally tested runner-position ratios; exact source locator to freeze,calculated,"(abs(-1.29)+abs(2.11)+abs(-2.39)+abs(-0.78))/4",,Optimized six-blade runner; four tested positions,p=0.40-0.55 only,WITHIN_STUDY_SAME_STATE,NOT_PROPAGATED,LOCAL_SCALAR,LOCAL_VALIDATION_ONLY,LOCAL_VALIDATION_ONLY;UNCERTAINTY_NOT_PROPAGATED;SOURCE_LOCATOR_PENDING,Results/Runner; Figure 8,PRIMARY_RESULT,Local agreement only; not global CFD validation.
RUNNER_RMSE_PP,Runner position,Prediction-to-experiment RMSE over four tested positions,1.76,percentage_point,C,PRIMARY_PAPER,Velasquez2024RenewableEnergy,10.1016/j.renene.2023.119676,R44_Numerical_optimization_and_experimental_validation_of_the_runner_of_a_gravitational_water_vortex_hydraulic_tur.pdf,Four experimentally tested runner-position ratios; exact source locator to freeze,calculated,"sqrt(((-1.29)**2+(2.11)**2+(-2.39)**2+(-0.78)**2)/4)",,Optimized six-blade runner; four tested positions,p=0.40-0.55 only,WITHIN_STUDY_SAME_STATE,NOT_PROPAGATED,LOCAL_SCALAR,LOCAL_VALIDATION_ONLY,LOCAL_VALIDATION_ONLY;UNCERTAINTY_NOT_PROPAGATED;SOURCE_LOCATOR_PENDING,Results/Runner; Figure 8,PRIMARY_RESULT,Local agreement only; not global CFD validation.
RUNNER_P060_CFD_EFF,Runner position,CFD efficiency at p=0.60,65.18,%,S,PRIMARY_PAPER,Velasquez2024RenewableEnergy,10.1016/j.renene.2023.119676,R44_Numerical_optimization_and_experimental_validation_of_the_runner_of_a_gravitational_water_vortex_hydraulic_tur.pdf,p=0.60 result; exact source locator to freeze,simulated,,,Optimized six-blade runner,p=0.60; physical runner-cone interference prevented experiment,SINGLE_CASE,NOT_REPORTED,UNTESTED,CONFIGURATION_SPECIFIC,UNTESTED_EXPERIMENTALLY;INTERFERENCE_LIMITED;SOURCE_LOCATOR_PENDING,Results/Runner; Figure 8,LIMITATION,Numerical result only; never label experimentally validated.
RUNNER_P060_RSM_EFF,Runner position,Response-surface prediction at p=0.60,67.79,%,S,PRIMARY_PAPER,Velasquez2024RenewableEnergy,10.1016/j.renene.2023.119676,R44_Numerical_optimization_and_experimental_validation_of_the_runner_of_a_gravitational_water_vortex_hydraulic_tur.pdf,p=0.60 result; exact source locator to freeze,simulated,,,Optimized six-blade runner,p=0.60; physical runner-cone interference prevented experiment,SINGLE_CASE,NOT_REPORTED,UNTESTED,CONFIGURATION_SPECIFIC,UNTESTED_EXPERIMENTALLY;INTERFERENCE_LIMITED;SOURCE_LOCATOR_PENDING,Results/Runner; Figure 8,LIMITATION,Model prediction only; never label experimentally validated.
